Configuration,Node_ID,Normal_Test_Windows,False_Positives,False_Positive_Rate,Anomalous_Windows,Anomalies_Detected,Detection_Rate
Default,Node_5,103,19,0.18446601941747573,513,513,1.0
Default,Node_3,32,8,0.25,157,155,0.9872611464968153
Default,Node_2,24,8,0.3333333333333333,119,119,1.0
Default,Node_1,15,5,0.3333333333333333,71,71,1.0
Default,Node_4,9,5,0.5555555555555556,44,39,0.8863636363636364
contamination=0.05,Node_5,103,7,0.06796116504854369,513,513,1.0
contamination=0.05,Node_3,32,5,0.15625,157,148,0.9426751592356688
contamination=0.05,Node_2,24,1,0.041666666666666664,119,119,1.0
contamination=0.05,Node_1,15,1,0.06666666666666667,71,71,1.0
contamination=0.05,Node_4,9,1,0.1111111111111111,44,35,0.7954545454545454
contamination=0.10,Node_5,103,13,0.1262135922330097,513,513,1.0
contamination=0.10,Node_3,32,8,0.25,157,153,0.9745222929936306
contamination=0.10,Node_2,24,3,0.125,119,119,1.0
contamination=0.10,Node_1,15,1,0.06666666666666667,71,71,1.0
contamination=0.10,Node_4,9,2,0.2222222222222222,44,35,0.7954545454545454
