Node_ID,Node_Type,Window_ID,mean_IAT,IAT_std,packet_rate,mean_packet_size,packet_size_std,prediction,anomaly_score
Node_5,Camera-like Traffic Generator,305,0.3677324361854633,0.0656182136003584,2.766333793894229,1239.5,165.351645491258,1,0.12000834905941976
Node_5,Camera-like Traffic Generator,498,0.3421302299189644,0.088792066685872,2.996240741975371,1248.3,126.59388259750592,1,0.1428328265326032
Node_5,Camera-like Traffic Generator,441,0.3228232889228024,0.0844637378694815,3.1507880644101345,1249.3,171.39496297538426,1,0.1186844691658987
Node_5,Camera-like Traffic Generator,154,0.3166274042410676,0.0600041742678408,3.1960846338685363,1266.7,137.83569123335863,1,0.08597444602017396
Node_5,Camera-like Traffic Generator,500,0.2890192401509125,0.0840556817674728,3.369622041947045,1270.0,133.8514931639622,1,0.02927849148588224
Node_5,Camera-like Traffic Generator,132,0.365827984301878,0.0807896041643906,2.7320360644030743,1268.1,131.39123089291596,1,0.1556023349578236
Node_5,Camera-like Traffic Generator,205,0.3856127133128609,0.0717527631269115,2.609928604215403,1141.1,151.3402715002777,1,0.04809772272639079
Node_5,Camera-like Traffic Generator,509,0.3568684418513007,0.0892796580100148,2.7318458925373013,1227.4,138.53375040039882,1,0.15599907395519663
Node_5,Camera-like Traffic Generator,326,0.3616366821512054,0.1030711575989303,2.877104628742774,1266.6,136.74323058605538,1,0.12080007659208314
Node_5,Camera-like Traffic Generator,248,0.3907966981697551,0.0733208895148256,2.488366197463315,1338.7,108.13474105125616,-1,-0.00049646203783138
Node_5,Camera-like Traffic Generator,363,0.4139950050518359,0.0997099882354489,2.465063566428211,1282.5,136.98763123403188,1,0.031307755112261026
Node_5,Camera-like Traffic Generator,353,0.3454443697672275,0.0832808249226059,3.0445501006632902,1234.8,135.76106461967166,1,0.13860188358196623
Node_5,Camera-like Traffic Generator,290,0.3514063737450729,0.0880590110787524,2.9219249026576293,1200.9,146.51541443365835,1,0.13913630588654113
Node_5,Camera-like Traffic Generator,85,0.3454377119595367,0.1093597900452052,2.912060967533592,1314.2,134.1879279220005,1,0.07033106634057729
Node_5,Camera-like Traffic Generator,11,0.3060442883884267,0.084899889798979,3.3312187310456878,1350.1,114.05305782836336,-1,-0.027498856396684368
Node_5,Camera-like Traffic Generator,325,0.3447193548677373,0.108378550195961,2.784055265147822,1208.4,196.7594131589812,1,0.01859717851342013
Node_5,Camera-like Traffic Generator,79,0.396677303517491,0.0892772187158213,2.419824052642929,1193.4,109.2654260657658,1,0.04443696979345335
Node_5,Camera-like Traffic Generator,31,0.2961010303095562,0.0575656498819116,3.417378465336105,1251.0,163.53524934330756,-1,-0.0015498605070680682
Node_5,Camera-like Traffic Generator,185,0.3429844732160506,0.0810599469140434,2.85703539365794,1302.1,166.51689937594253,1,0.10867767838564779
Node_5,Camera-like Traffic Generator,196,0.301403026388031,0.0746282471011163,3.230690890966509,1221.9,114.12804699595588,1,0.04875003547191825
Node_5,Camera-like Traffic Generator,223,0.3414701392977931,0.0901843245368547,2.9066941478779733,1182.0,132.3782459469833,1,0.12018862756341608
Node_5,Camera-like Traffic Generator,210,0.343135000453156,0.0918385325058181,3.064027268947469,1310.7,141.43946486826874,1,0.1008508256183051
Node_5,Camera-like Traffic Generator,282,0.3390915420518889,0.0880517922416508,3.0802944672436787,1222.3,126.6719735730398,1,0.13678202214494029
Node_5,Camera-like Traffic Generator,209,0.3626280918454604,0.0899794740034562,2.628112884409026,1151.5,129.94550139706004,1,0.0718979469518341
Node_5,Camera-like Traffic Generator,125,0.3281744991936248,0.0799828018562594,3.13537979886012,1262.8,126.098550524756,1,0.13097111616821683
Node_5,Camera-like Traffic Generator,251,0.3729259682521786,0.0740511393078893,2.6460936205133705,1225.6,152.0834566209546,1,0.1485994410471213
Node_5,Camera-like Traffic Generator,77,0.3024158300106981,0.0672761282793241,3.268353688002815,1214.3,133.9900908442279,1,0.05422117472915183
Node_5,Camera-like Traffic Generator,382,0.3348279460083935,0.1046191677050113,3.029838610718388,1237.9,157.3576605486156,1,0.13536200146072447
Node_5,Camera-like Traffic Generator,343,0.2953070179741914,0.1001318593575454,3.27287274901672,1217.6,127.18420586779722,1,0.032926040013822266
Node_5,Camera-like Traffic Generator,324,0.3590369526197893,0.1092365158963992,2.910331033866413,1278.3,136.9858467952884,1,0.1030061529507641
Node_5,Camera-like Traffic Generator,245,0.3576932755035547,0.0935107785768155,2.8735124925093123,1147.0,132.71774561075094,1,0.07659661133419055
Node_5,Camera-like Traffic Generator,332,0.3336027679255065,0.0833173198961148,3.065504056756355,1229.5,140.19133750382406,1,0.1527210619095613
Node_5,Camera-like Traffic Generator,141,0.3528525118544606,0.084958160811732,2.8610310696249983,1338.4,128.39799236921286,1,0.08237693035089255
Node_5,Camera-like Traffic Generator,10,0.3532658305690787,0.0909510889127881,2.799750754992069,1260.6,199.19404274894032,1,0.053736098057336645
Node_5,Camera-like Traffic Generator,73,0.3434425285669192,0.0860047344649867,2.848624879090909,1248.5,113.3306372228328,1,0.14156274369267374
Node_5,Camera-like Traffic Generator,400,0.3434864328105724,0.1011626192867094,2.919379038496704,1317.7,163.16321072267894,1,0.08816598678599985
Node_5,Camera-like Traffic Generator,487,0.3129255228505461,0.0941810542753346,3.1923141307980862,1220.2,145.60204516268155,1,0.11322215328968421
Node_5,Camera-like Traffic Generator,226,0.3480213524196265,0.0972650574684858,2.781728565693139,1195.5,132.71879210487782,1,0.1311058225989291
Node_5,Camera-like Traffic Generator,74,0.3511957158051081,0.0984652514617944,2.9622903688763804,1310.5,158.56526872062636,1,0.1018256740339642
Node_5,Camera-like Traffic Generator,178,0.3614053123113282,0.1049646966772763,2.8306632671296077,1293.9,163.01428021972663,1,0.09239816831967584
Node_5,Camera-like Traffic Generator,403,0.3891452346660598,0.0943255324362093,2.6377224684879086,1211.9,91.02923828211584,1,0.051717068049982495
Node_5,Camera-like Traffic Generator,69,0.3318342222805942,0.0764760124297398,3.055957680543405,1326.2,161.98271512726288,1,0.08490446189514655
Node_5,Camera-like Traffic Generator,156,0.3633594066786295,0.0961406885580041,2.6784228453572543,1257.8,169.2314654220334,1,0.12592592626205618
Node_5,Camera-like Traffic Generator,56,0.3014843146113951,0.0793652218116754,3.499044169529106,1170.7,90.71695909071614,-1,-0.07903433194250487
Node_5,Camera-like Traffic Generator,405,0.2976347334115071,0.0807310527977833,3.4183646931227702,1316.6,192.87485868072883,-1,-0.07134027963921208
Node_5,Camera-like Traffic Generator,299,0.3905786194599243,0.0631031570169354,2.4655862833880176,1250.4,155.42929796748962,1,0.07412549075009683
Node_5,Camera-like Traffic Generator,78,0.3427525637987959,0.0912253701985161,2.861711390030704,1201.6,132.37589575816958,1,0.1366098057378881
Node_5,Camera-like Traffic Generator,468,0.333705979235013,0.1015105970765623,2.9415815674391923,1226.9,172.9704213634998,1,0.11673871994409812
Node_5,Camera-like Traffic Generator,318,0.3323013501407925,0.1097781240120555,3.06956333839764,1196.7,73.30158403624182,-1,-0.013296353394721239
Node_5,Camera-like Traffic Generator,476,0.3289946491124867,0.0772871102144983,3.1604672177398347,1248.3,156.830446307115,1,0.14431626069958098
Node_5,Camera-like Traffic Generator,91,0.3676235957794465,0.1043803356959131,2.7904048800809176,1230.3,135.81772916506725,1,0.12647748030806816
Node_5,Camera-like Traffic Generator,239,0.3694093289601295,0.0890833617015396,2.6893057505386526,1267.7,165.9732575513966,1,0.14680349562041223
Node_5,Camera-like Traffic Generator,485,0.356187742697147,0.0749845841972822,2.7378265371864403,1222.5,146.93403659843798,1,0.14814236825048788
Node_5,Camera-like Traffic Generator,64,0.3093673674237528,0.080393268723479,3.298416062795113,1158.1,71.12656950035542,-1,-0.06372934973174693
Node_5,Camera-like Traffic Generator,457,0.3413188773731463,0.1118267480651008,2.8540819452525192,1238.9,128.36618627106506,1,0.09318817262400264
Node_5,Camera-like Traffic Generator,71,0.3466739249286686,0.0844700880158039,2.771486928805042,1222.1,193.49099892932145,1,0.06807602833251591
Node_5,Camera-like Traffic Generator,3,0.3793249263310439,0.0847885887365406,2.7180564855972533,1219.8,107.96789646309992,1,0.11543276599509705
Node_5,Camera-like Traffic Generator,288,0.3822263689239249,0.0787558539893959,2.700482335300448,1250.7,181.3652239114336,1,0.09564864654773947
Node_5,Camera-like Traffic Generator,342,0.3376262000672445,0.093482934113063,3.0042835645649184,1216.0,150.08145936272223,1,0.14952831402561534
Node_5,Camera-like Traffic Generator,138,0.3585443155753254,0.104092325003692,2.6860414778689043,1291.2,159.118264891942,1,0.10581529520688127
Node_5,Camera-like Traffic Generator,250,0.3322637065915342,0.0641865199266407,3.084843550517424,1211.3,161.43113426817985,1,0.10969428661164132
Node_5,Camera-like Traffic Generator,195,0.3811763297182004,0.1144647082817645,2.619552323040551,1252.0,168.5632093772409,1,0.06694397275002673
Node_5,Camera-like Traffic Generator,173,0.3027398097123511,0.0714440200249131,3.253590213112759,1206.7,146.06547238215546,1,0.06122226904711087
Node_5,Camera-like Traffic Generator,83,0.3799761288184611,0.0705251370476791,2.624463137891993,1296.7,145.24771943132188,1,0.10666344420650892
Node_5,Camera-like Traffic Generator,453,0.3887890265304025,0.089054912180806,2.510633023432013,1235.8,130.52611488382954,1,0.12293701281634134
Node_5,Camera-like Traffic Generator,319,0.3927187034235947,0.079790236039381,2.4964166278275584,1279.3,161.31614922257475,1,0.08977180455810552
Node_5,Camera-like Traffic Generator,34,0.2891250618991121,0.0972443607677887,3.38354692348814,1201.0,159.7191980390029,1,0.0105764565762968
Node_5,Camera-like Traffic Generator,426,0.333879346223066,0.0913203681832964,3.0451849626380207,1302.0,185.78841011573712,1,0.07020859152809666
Node_5,Camera-like Traffic Generator,228,0.356932461876887,0.0879627927253766,2.821679387869331,1258.6,126.83252299346918,1,0.1496365465767715
Node_5,Camera-like Traffic Generator,1,0.3411571132004019,0.094246560135258,2.824692047367761,1275.3,188.2604873867884,1,0.07346907986339102
Node_5,Camera-like Traffic Generator,12,0.3709956889790478,0.0898423764883574,2.729596143515732,1221.9,161.29438235034033,1,0.13998562388452002
Node_5,Camera-like Traffic Generator,238,0.350637226645178,0.0990948516112656,2.776004615424034,1235.8,164.56933695760785,1,0.1335469900733371
Node_5,Camera-like Traffic Generator,23,0.3379093762322498,0.0758154144990482,2.871185684620708,1245.2,136.53717442513596,1,0.15199404823439738
Node_5,Camera-like Traffic Generator,105,0.3415816404120528,0.0766464378371186,2.9506577524719195,1283.9,154.07894801763877,1,0.14598029969623172
Node_5,Camera-like Traffic Generator,297,0.3735952909342637,0.1052270344996336,2.722690953730686,1232.6,140.2364669644336,1,0.13365256445755624
Node_5,Camera-like Traffic Generator,102,0.3479236890923416,0.0948103970529836,2.83175171139997,1324.5,130.40982410164588,1,0.09672843973689565
Node_5,Camera-like Traffic Generator,80,0.3568253549885801,0.0827460798109175,2.9225646553065654,1257.6,124.33217157634176,1,0.1361193978512485
Node_5,Camera-like Traffic Generator,429,0.3870971559187525,0.0638766786586774,2.588279274392701,1212.5,151.42746705197766,1,0.09934824749259902
Node_5,Camera-like Traffic Generator,389,0.3606219633782498,0.1075672683677663,2.8054096820813794,1318.8,124.9833766724377,1,0.06876542517705503
Node_5,Camera-like Traffic Generator,19,0.3125698842618843,0.067219176704652,3.170351508762153,1251.4,171.22772361195874,1,0.08335292467165889
Node_5,Camera-like Traffic Generator,177,0.3936555127747229,0.0973241242111893,2.612238304858133,1245.7,116.1952858099004,1,0.11506155119402822
Node_5,Camera-like Traffic Generator,232,0.3232229286842729,0.0664704226100442,3.097251296868212,1222.6,149.8749108052742,1,0.11868069870053116
Node_5,Camera-like Traffic Generator,505,0.3491747261995826,0.0882363093376584,2.803125800931612,1267.2,135.28800554537142,1,0.1573801246590812
Node_5,Camera-like Traffic Generator,133,0.3372175718132661,0.0710516910215405,2.9113330014044503,1211.8,154.93209982297265,1,0.1302772351689067
Node_5,Camera-like Traffic Generator,40,0.3254909976646775,0.0810188714847011,3.21570841323529,1257.7,147.25114600572724,1,0.13366050465299745
Node_5,Camera-like Traffic Generator,472,0.3258967384703625,0.0805532696897953,2.9647008533773502,1313.6,151.6774355151235,1,0.1088862264169208
Node_5,Camera-like Traffic Generator,47,0.4229919900063624,0.0761988712078767,2.3758244300588336,1259.0,109.0168182743684,1,0.007525533232095927
Node_5,Camera-like Traffic Generator,357,0.3227332040755114,0.0802369889671883,3.0222766229055984,1159.7,123.74530294116218,1,0.07571653944772944
Node_5,Camera-like Traffic Generator,278,0.3310318797498351,0.0919831255761997,2.899810355163269,1306.7,140.15392332083402,1,0.11419032500180881
Node_5,Camera-like Traffic Generator,362,0.3585171963546852,0.0728395285270952,2.9146852925086284,1201.9,100.18588279349098,1,0.06639220638744386
Node_5,Camera-like Traffic Generator,94,0.3171607571095637,0.0970683886487761,3.242427392086612,1285.0,149.90960239053695,1,0.09973440617831036
Node_5,Camera-like Traffic Generator,378,0.3262051824654766,0.07853901835984,3.20495792250561,1182.2,126.46545422015892,1,0.08749680815867106
Node_5,Camera-like Traffic Generator,204,0.353711317983338,0.1018879776241456,2.850367408058064,1303.6,142.21751728328766,1,0.11146327082179985
Node_5,Camera-like Traffic Generator,450,0.3418523910827277,0.1079131776459733,2.8560091349662926,1317.1,179.43767101079354,1,0.0331060275575874
Node_5,Camera-like Traffic Generator,149,0.3410563338382482,0.0895716019539738,2.820326855297233,1268.3,143.00275832615569,1,0.15075185450326312
Node_5,Camera-like Traffic Generator,221,0.361785594574536,0.0929740135124478,2.787624743273398,1232.6,132.20623619515416,1,0.15152107871004655
Node_5,Camera-like Traffic Generator,70,0.3634558782924267,0.0919767498887036,2.6852168258849507,1182.2,117.21376483445393,1,0.10284760295263723
Node_5,Camera-like Traffic Generator,254,0.3179302263116846,0.0662452616180802,3.2664205643636297,1224.7,99.6695094354894,1,0.024924791458381557
Node_5,Camera-like Traffic Generator,398,0.3901608907129337,0.0798632570162165,2.597178095651503,1230.4,157.92558022337258,1,0.13416179874373585
Node_5,Camera-like Traffic Generator,168,0.3436411681338959,0.0918918735404458,2.833474604760676,1240.1,192.8329443960353,1,0.0721610408731041
Node_5,Camera-like Traffic Generator,276,0.3013442141191765,0.0839775947755766,3.244927641929085,1334.9,150.84756838904926,1,0.01652478413243552
Node_5,Camera-like Traffic Generator,506,0.3646324050254204,0.1043210428772414,2.664154447673022,1286.8,132.82553302065918,1,0.11921088252379275
Node_5,Camera-like Traffic Generator,510,0.3781671133376189,0.0633277599308927,2.66965464509074,1228.5,112.70438224744316,1,0.09071326212289599
Node_3,Smart Plug,127,1.1737576267307015,0.250926298854758,0.8769429388493736,83.2,12.778454088382087,1,0.10058717692057073
Node_3,Smart Plug,46,1.0529008992446491,0.2057136851228926,0.9434860527067574,84.9,12.041133206176603,1,0.0965448779927669
Node_3,Smart Plug,134,1.0679438703421325,0.158514516979233,0.9586138805792462,82.6,12.527303514058136,1,0.08103559433336754
Node_3,Smart Plug,139,1.1548849843111668,0.2051010870422116,0.8617925202618946,80.9,13.609228894801907,1,0.14832905589672257
Node_3,Smart Plug,112,1.013568967865368,0.2345763100615743,0.9661257004132724,76.8,13.053735097664577,1,0.02234994187702921
Node_3,Smart Plug,30,1.2653166237607265,0.1130006502022743,0.7957412494115202,76.8,14.109098719148104,-1,-0.024507704250583462
Node_3,Smart Plug,96,1.0677786199079111,0.2041306163170183,0.9306430126536088,87.1,6.773313648265359,-1,-0.0036783128656064923
Node_3,Smart Plug,98,1.2271759003106275,0.2350939599617402,0.8122299680987896,71.2,5.959119994689746,-1,-0.05895211285656965
Node_3,Smart Plug,95,1.1607351077831636,0.2415438138522511,0.8659582348281459,76.2,12.372011423639515,1,0.12327149219166322
Node_3,Smart Plug,140,1.1619475292317143,0.2350667383024187,0.8876320769059703,83.9,10.311266761277308,1,0.12093195364133985
Node_3,Smart Plug,20,1.04435163741537,0.1087955554560849,0.97671387086343,76.6,10.38374798530002,1,0.004561856621135396
Node_3,Smart Plug,57,1.3054134094554397,0.1257934836516762,0.762916152675918,72.6,10.286992865858428,-1,-0.07548558263909055
Node_3,Smart Plug,16,1.2205148157824806,0.2704567543365488,0.8179793725493014,80.8,7.842901957254796,1,0.0033242098047853164
Node_3,Smart Plug,70,1.116659153822989,0.2385704414679267,0.9019816403704606,81.2,13.231276078544605,1,0.1350410900930365
Node_3,Smart Plug,25,1.1018948358060492,0.1919301483300181,0.929420729779429,79.8,13.053735097664577,1,0.14525453745939765
Node_3,Smart Plug,31,1.1287952046549634,0.2128802093696718,0.8763836096792198,73.6,11.95547294477861,1,0.12245451940349317
Node_3,Smart Plug,126,1.0561769343041068,0.1829880904273927,0.9667502902817252,78.9,10.535126429658492,1,0.1123351234512594
Node_3,Smart Plug,109,1.1290188813365816,0.2026206057422727,0.9092293355174836,77.1,12.982466808909797,1,0.1492088465977212
Node_3,Smart Plug,156,1.1784766293241824,0.1846491832122323,0.8408571109423505,83.7,9.753062197188235,1,0.13292412430973066
Node_3,Smart Plug,66,1.1619641845298987,0.1610347516117295,0.8452081721350043,74.6,10.72069649478677,1,0.1204753141333707
Node_3,Smart Plug,120,1.1557749130627442,0.1900374523484594,0.8439920652788753,79.4,12.30356768493504,1,0.17114557666261798
Node_3,Smart Plug,19,1.1422151391525042,0.228210843999553,0.901718078554065,78.2,8.766096305907462,1,0.1278989791608095
Node_3,Smart Plug,13,1.12610776891946,0.2426866353212632,0.8656080354581523,78.8,11.94245461461848,1,0.14598357977553544
Node_3,Smart Plug,10,1.196112524961136,0.2091761235972674,0.8181457550498425,79.5,9.50146187582615,1,0.11730228336259851
Node_3,Smart Plug,32,1.117140989827642,0.2544790368894836,0.8702366415386472,81.8,12.372011423639515,1,0.11754395127523581
Node_3,Smart Plug,82,1.2126146512609064,0.2206300651190254,0.8426761352180026,75.0,10.23067283548187,1,0.11640758826100861
Node_3,Smart Plug,52,1.1678928771695751,0.1653269630066371,0.8494154390111964,82.7,11.165920373071703,1,0.14037601276563433
Node_3,Smart Plug,129,1.288296158761701,0.1762748348292916,0.7613782846339983,84.2,12.59453144115422,-1,-0.008203838371505179
Node_3,Smart Plug,146,1.180984524466445,0.1686018694974883,0.8654083984491019,77.8,14.093339640490546,1,0.11362631331355522
Node_3,Smart Plug,99,1.1896398260461156,0.2247810836408806,0.836739216251572,82.1,12.766710182693462,1,0.13689758769350585
Node_3,Smart Plug,151,1.0881710092292405,0.2265804906819109,0.9007798497515648,72.7,13.449907062875935,1,0.0652124853310248
Node_3,Smart Plug,76,1.19751321663842,0.265673754292742,0.8569204451020929,77.7,11.294541454466696,1,0.08034667373860938
Node_2,Smart Light,57,1.3431411988669688,0.2630834164726174,0.73374229408735,78.6,12.58040804849615,1,0.1115258156660544
Node_2,Smart Light,90,1.471001593696755,0.2359945755083343,0.6887434120020388,79.0,11.372481406154654,1,0.15847527107522652
Node_2,Smart Light,5,1.468188286922825,0.2019154068006813,0.6866056389389176,79.8,11.849050594878898,1,0.13081805440256988
Node_2,Smart Light,46,1.3793293734207368,0.2227372270108188,0.7288915921000906,79.6,11.587349423689036,1,0.1139549964467837
Node_2,Smart Light,27,1.4215839073856695,0.2664624720897482,0.6903235195844989,78.4,11.983321743156194,1,0.17859996497094088
Node_2,Smart Light,118,1.5408167934312842,0.3001637562891421,0.6292811925636396,80.4,10.762073323585108,1,0.16456427878535496
Node_2,Smart Light,70,1.4981816563522792,0.2950602653984283,0.6927798514533026,81.1,13.747322971723946,1,0.14015208551007713
Node_2,Smart Light,11,1.3701592439744863,0.2015499212726764,0.7298647206739275,78.1,7.460265112953799,1,0.01423701240407138
Node_2,Smart Light,91,1.6443943843707924,0.2837925402160508,0.6079705302065278,83.7,8.654478609367523,1,0.06277355304780297
Node_2,Smart Light,74,1.5260624733689474,0.3306880367299174,0.6335923893644336,86.8,12.227473619317731,1,0.0883667731990821
Node_2,Smart Light,19,1.4964907397253897,0.2679317997290487,0.6741961712679346,82.5,13.260216187277392,1,0.15482560245855198
Node_2,Smart Light,113,1.3509942824518637,0.2140465756574734,0.7449446189515444,80.0,10.088497300281038,1,0.06731629742227607
Node_2,Smart Light,12,1.578357318046071,0.2386533270363417,0.6217602535012525,79.7,13.358725820809244,1,0.13640483404374087
Node_2,Smart Light,97,1.6433437386188898,0.2332805560994269,0.5988005728443925,70.5,9.204467514322715,-1,-0.007610312332822389
Node_2,Smart Light,43,1.5181904638405768,0.2767992501234593,0.6479268704045734,80.7,4.3982319680121975,1,0.08920796968925443
Node_2,Smart Light,32,1.4148282780383874,0.2258511070065543,0.6973668420647176,84.9,9.573690801125528,1,0.07217358301847343
Node_2,Smart Light,89,1.4902421100034804,0.3307477788877493,0.6550450183433095,82.5,13.401906995316416,1,0.13254770262229354
Node_2,Smart Light,1,1.3271856149460344,0.2276849203352043,0.7538106673864572,84.8,13.373273512661155,1,0.02297490674949909
Node_2,Smart Light,98,1.4981154047423542,0.2420200034208464,0.6617209016861536,71.2,9.101892355133872,1,0.054295223472876075
Node_2,Smart Light,111,1.5233104367504593,0.3187515901304607,0.6337672016723264,85.1,13.160969231447623,1,0.10413168016776525
Node_2,Smart Light,65,1.600308254129153,0.2504928541000735,0.6171267806617576,73.5,12.376052143824648,1,0.10187687077995683
Node_2,Smart Light,41,1.3343459081943194,0.2592096730683448,0.7467880812251264,79.1,11.503139668030734,1,0.10020404143551193
Node_2,Smart Light,96,1.5660209899034347,0.2775249093877873,0.6443905552491767,80.5,12.99786307223016,1,0.16987755593856313
Node_2,Smart Light,54,1.683144357821265,0.2369753414349157,0.6013886150032551,77.4,9.28798507032966,1,0.033082123809322406
Node_1,Temperature Sensor,23,2.6715983506708514,0.2006462603817038,0.3742451821768858,83.6,9.879271228182777,-1,-0.010133145940328991
Node_1,Temperature Sensor,1,2.4889958179366647,0.2952135094444566,0.4044847220018356,71.1,10.49285471165974,1,0.09579668861648621
Node_1,Temperature Sensor,50,2.5768423585916422,0.3255068649184201,0.380208354044019,77.5,12.15867317322632,1,0.07680394405508417
Node_1,Temperature Sensor,5,2.556625760691529,0.3800758095127224,0.391221179769628,78.5,10.906165432655255,1,0.053679225623516236
Node_1,Temperature Sensor,56,2.503953333952436,0.2052237878432984,0.3963031545723039,82.7,12.80668228352336,1,0.05139064510368313
Node_1,Temperature Sensor,19,2.459914000834395,0.2378497707407372,0.4115114390589569,82.2,10.643725329455329,1,0.08095492693778539
Node_1,Temperature Sensor,11,2.5471440743726794,0.2852943679094083,0.3999565471841333,81.7,14.63671183474394,1,0.0728393161685687
Node_1,Temperature Sensor,34,2.663617132696099,0.2440988564984854,0.3738576820602913,78.2,11.242775458044155,1,0.04253903405069703
Node_1,Temperature Sensor,47,2.547843648532429,0.1990842384144843,0.3944037621600334,82.5,13.786063816606813,1,0.022540845289157008
Node_1,Temperature Sensor,13,2.378227889333667,0.2879407117502379,0.4212880803123003,84.6,11.32548748031036,1,0.045352457085750975
Node_1,Temperature Sensor,32,2.381650030188873,0.2557417810086081,0.4173410467950033,71.7,10.583530181896355,1,0.04607340697269102
Node_1,Temperature Sensor,10,2.583217040135423,0.2939482422102545,0.3895582031136189,78.4,12.928865207571604,1,0.1066278678259927
Node_1,Temperature Sensor,62,2.542144483066075,0.2159763691459843,0.3944073762321302,81.4,11.217050513491602,1,0.09011295600629304
Node_1,Temperature Sensor,6,2.4721774356507136,0.3046598685776296,0.3962960701305556,81.1,11.039826890752307,1,0.12864615646191568
Node_1,Temperature Sensor,54,2.5223955336517427,0.2788442080222799,0.4033296293638024,79.0,12.935738607954836,1,0.13707791866222463
Node_4,Motion Sensor,38,4.789525553703857,0.7746100030773428,0.2099073025653231,74.9,13.843971812870596,1,0.0833443311546967
Node_4,Motion Sensor,25,4.364016104238403,1.0306672214579389,0.222714062120146,76.8,12.443650768341437,1,0.14076189069099831
Node_4,Motion Sensor,26,2.493682231725429,2.13894255797834,0.4159872794369312,77.5,8.959786703810408,-1,-0.05730845898197534
Node_4,Motion Sensor,37,4.568813990977049,1.1543175577495663,0.2265313764948341,80.8,11.32156251485535,1,0.13395743368036883
Node_4,Motion Sensor,35,3.9706268437624495,0.6768532344176815,0.2492836840670335,76.8,15.105554533938095,1,0.05230717985650146
Node_4,Motion Sensor,41,4.397165526021881,0.8767093904573459,0.2251563619737695,82.8,11.438725647747848,1,0.15540918122263858
Node_4,Motion Sensor,5,3.688834134281364,2.508338574900191,0.289577191087064,79.8,16.90364852134986,1,0.0008846163359227388
Node_4,Motion Sensor,13,2.741437130568352,2.354295594240303,0.3303478059731889,78.3,11.035800328426069,1,0.03163483409593271
Node_4,Motion Sensor,9,3.4187863312702973,2.331842083534029,0.3114136465969014,82.4,12.09407568467581,1,0.014935891343823782
