Configuration,Node_ID,Training_Windows,Test_Windows,False_Positives,False_Positive_Rate
Default,Node_5,411,103,19,0.18446601941747573
Default,Node_3,125,32,8,0.25
Default,Node_2,95,24,8,0.3333333333333333
Default,Node_1,56,15,5,0.3333333333333333
Default,Node_4,35,9,5,0.5555555555555556
"contamination=""auto""",Node_5,411,103,19,0.18446601941747573
"contamination=""auto""",Node_3,125,32,8,0.25
"contamination=""auto""",Node_2,95,24,8,0.3333333333333333
"contamination=""auto""",Node_1,56,15,5,0.3333333333333333
"contamination=""auto""",Node_4,35,9,5,0.5555555555555556
contamination=0.05,Node_5,411,103,7,0.06796116504854369
contamination=0.05,Node_3,125,32,5,0.15625
contamination=0.05,Node_2,95,24,1,0.041666666666666664
contamination=0.05,Node_1,56,15,1,0.06666666666666667
contamination=0.05,Node_4,35,9,1,0.1111111111111111
contamination=0.10,Node_5,411,103,13,0.1262135922330097
contamination=0.10,Node_3,125,32,8,0.25
contamination=0.10,Node_2,95,24,3,0.125
contamination=0.10,Node_1,56,15,1,0.06666666666666667
contamination=0.10,Node_4,35,9,2,0.2222222222222222
