Dataset,mean_IAT,IAT_std,packet_rate,mean_packet_size,packet_size_std
Normal Traffic,2.1214844,0.1576467750081501,0.4873233372189655,74.0,0.0
Normal Traffic,2.05087524,0.017204997501248095,0.48874812019836283,74.0,0.0
Normal Traffic,2.0523144600000007,0.03730504065348237,0.48540096528534843,74.0,0.0
Normal Traffic,2.0381583999999986,0.021543136403194885,0.48858687922410854,74.0,0.0
High-Rate Anomalous-Behaviour Experiment,0.17541288000000038,0.039373677893130246,5.447250595588764,74.0,0.0
High-Rate Anomalous-Behaviour Experiment,0.15219278000000003,0.023189913894450864,6.446151349509837,74.0,0.0
High-Rate Anomalous-Behaviour Experiment,0.17193619999999968,0.01877294167372199,5.9114476958063555,74.0,0.0
High-Rate Anomalous-Behaviour Experiment,0.16565563999999994,0.010668536603396186,5.888906081223036,74.0,0.0
High-Rate Anomalous-Behaviour Experiment,0.17015334000000024,0.014221949994920612,5.956711091321583,74.0,0.0
High-Rate Anomalous-Behaviour Experiment,0.17796387499999966,0.04318459348034571,5.422563176927951,74.0,0.0
